state,address_1,address_2,city,state_2,email,fax,dropbox_address,dropbox_city,dropbox_notes
Massachusetts,500 Gliniewicz Way,,ABINGTON,MA,lmadams@abingtonma.gov,(781) 982-2138,,,
Massachusetts,472 Main Street,,ACTON,MA,clerk@acton-ma.gov,(978) 929-6340,472 Main Street,,To the right of main entry to Town Hall
Massachusetts,130 Main Street,,ACUSHNET,MA,plabonte@acushnet.ma.us,(508) 998-0216,,,
Massachusetts,8 Park Street,,ADAMS,MA,hmeczywor@town.adams.ma.us,(413) 743-8316,8 Park Street,,In front of Town Hall
Massachusetts,36 Main Street,,AGAWAM,MA,vote@agawam.ma.us,(413) 786-9927,,,
Massachusetts,5 Alford Center Road,,ALFORD,MA,clerk@townofalford.org,(413) 528-4581,5 Alford Center Road,,
Massachusetts,62 Friend Street,,AMESBURY,MA,clerklist@amesburyma.gov,(978) 388-8150,62 Friend Street,,In front of City Hall
Massachusetts,4 Boltwood Avenue,,AMHERST,MA,vote@amherstma.gov,(413) 259-2499,4 Boltwood Avenue,,Main Street side of Town Hall
Massachusetts,36 Bartlet Street,,ANDOVER,MA,townclerk@andoverma.us,(978) 623-8295,36 Bartlet Street,,
Massachusetts,955 State Road,,AQUINNAH,MA,townclerk@aquinnah-ma.gov,(508) 645-7884,955 State Road,,On wall inside first entryway in Town Office building
Massachusetts,730 Massachusetts Avenue,,ARLINGTON,MA,townclerk@town.arlington.ma.us,(781) 316-3079,730 Massachusetts Avenue,,Front of Town Hall
Massachusetts,32 Main Street,,ASHBURNHAM,MA,townclerk@ashburnham-ma.gov,(978) 827-4105,,,
Massachusetts,895 Main Street,,ASHBY,MA,tclerk@ashbyma.gov,(978) 386-2490,895 Main Street,,Next to Town Hall
Massachusetts,412 Main Street,,ASHFIELD,MA,townclerk@ashfield.org,(413) 628-0228,412 Main Street,,By flagpole in front of Town Hall
Massachusetts,101 Main Street,,ASHLAND,MA,townclerkoffice@ashlandmass.com,(508) 881-0145,101 Main Street,,
Massachusetts,584 Main Street,,ATHOL,MA,vote@townofathol.org,(978) 249-2491,584 Main Street,,To the right of main entrance staircase
Massachusetts,77 Park Street,,ATTLEBORO,MA,elections1@cityofattleboro.us,(774) 203-1805,77 Park Street,,By Pine Street entrance to City Hall
Massachusetts,104 Central Street,,AUBURN,MA,townclerkemail@town.auburn.ma.us,(508) 832-4192,104 Central Street,,In front of town Hall
Massachusetts,65 East Main Street,,AVON,MA,vote@avon-ma.gov,(508) 559-0209,65 East Main Street,,
Massachusetts,1 Main Street,,AYER,MA,clerk@ayer.ma.us,(978) 772-3017,1 Main Street,,Facing Main Street
Massachusetts,367 Main Street,,BARNSTABLE,MA,vote@town.barnstable.ma.us,(508) 790-6326,367 Main Street,Hyannis,Facing Main Street
Massachusetts,40 West Street,,BARRE,MA,clerk@townofbarre.com,(978) 355-5025,40 West Street,,To the right of main entrance staircase
Massachusetts,557 Main Street,,BECKET,MA,townclerk@townofbecket.org,(413) 623-6036,557 Main Street,,Town Hall front porch
Massachusetts,10 Mudge Way,,BEDFORD,MA,clerk@bedfordma.gov,(781) 275-5757,10 Mudge Way,,On wall to right of front door
Massachusetts,2 Jabish Street,,BELCHERTOWN,MA,clerk@belchertown.org,(413) 323-0107,,,
Massachusetts,10 Mechanic Street,,BELLINGHAM,MA,lsposato@bellinghamma.org,(508) 657-2832,10 Mechanic Street,,Front door
Massachusetts,455 Concord Avenue,,BELMONT,MA,voting@belmont-ma.gov,(617) 993-2601,455 Concord Avenue,,"Town Hall at base of stairs, parking lot level"
Massachusetts,1 North Main Street,,BERKLEY,MA,townclerk@berkleyma.us,(508) 828-6755,1 North Main Street,,On Town Hall walkway
Massachusetts,23 Linden Street,,BERLIN,MA,townclerk@townofberlin.com,(978) 838-0014,23 Linden Street,,"In lobby, open 24/7"
Massachusetts,38 Church Street,,BERNARDSTON,MA,townclerk@townofbernardston.org,(413) 648-9318,,,
Massachusetts,191 Cabot Street,,BEVERLY,MA,lkent@beverlyma.gov,(978) 921-8511,191 Cabot Street,,"Back of City Hall, outside near accessible parking"
Massachusetts,365 Boston Road,,BILLERICA,MA,sschult@town.billerica.ma.us,(978) 663-6510,365 Boston Road,,Green box near accessible entrance on right side of building
Massachusetts,15 St. Paul Street,,BLACKSTONE,MA,tsullivan@townofblackstone.org,(508) 883-4953,15 St. Paul Street,,
Massachusetts,1 Russell Stage Road,,BLANDFORD,MA,townclerk@townofblandford.com,(413) 848-0908,,,
Massachusetts,663 Main Street,,BOLTON,MA,townclerk@townofbolton.com,(978) 779-5461,663 Main Street,,"Up the hill, near walkway to main entrance"
Massachusetts,1 City Hall Square,,BOSTON,MA,absenteevoter@boston.gov,(617) 635-4483,1 City Hall Square,,(City Hall Plaza — Main Entrance and Congress St. Entrance)
Massachusetts,,,BOSTON,MA,,,365 Bremen Street,,East Boston (East Boston Branch Library)
Massachusetts,,,BOSTON,MA,,,179 Main Street,,Charlestown (Charlestown Branch Library)
Massachusetts,,,BOSTON,MA,,,646 East Broadway,,South Boston (South Boston Branch Library)
Massachusetts,,,BOSTON,MA,,,700 Boylston Street,,Back Bay (Boston Public Library — Central Branch)
Massachusetts,,,BOSTON,MA,,,149 Dudley Street,,Roxbury (Roxbury Branch Library)
Massachusetts,,,BOSTON,MA,,,300 North Harvard Street,,Allston (Honan-Allston Branch Library)
Massachusetts,,,BOSTON,MA,,,40 Academy Hill Road,,Brighton (Brighton Branch Library)
Massachusetts,,,BOSTON,MA,,,1520 Dorchester Avenue,,Dorchester (Fields Corner Branch Library)
Massachusetts,,,BOSTON,MA,,,30 South Street,,Jamaica Plain (Jamaica Plain Branch Library)
Massachusetts,,,BOSTON,MA,,,1350 Blue Hill Avenue,,Mattapan (Mattapan Branch Library)
Massachusetts,,,BOSTON,MA,,,1961 Centre Street,,West Roxbury (West Roxbury Branch Library)
Massachusetts,,,BOSTON,MA,,,35 Harvard Avenue,,Hyde Park (Hyde Park Branch Library)
Massachusetts,,,BOSTON,MA,,,1497 Tremont Street,,Roxbury (Parker Hill Branch Library)
Massachusetts,,,BOSTON,MA,,,41 Geneva Avenue,,Dorchester (Grove Hall Library)
Massachusetts,,,BOSTON,MA,,,125 Brookway Road,,Roslindale (BCYF Menino)
Massachusetts,24 Perry Avenue,Buzzards Bay,BOURNE,MA,Elections@townofbourne.com,(508) 759-7980,24 Perry Avenue,,
Massachusetts,,,BOURNE,MA,,,239 Main Street,,(Mail slot to drop box inside building)
Massachusetts,29 Middle Road,,BOXBOROUGH,MA,emarkiewicz@boxborough-ma.gov,(978) 264-3127,29 Middle Road,,Mail slot to drop box inside building
Massachusetts,7A Spofford Road,,BOXFORD,MA,rphelan@town.boxford.ma.us,(978) 887-0943,7A Spofford Rd,,
Massachusetts,221 Main Street,,BOYLSTON,MA,dporter@boylston-ma.gov,(508) 869-6210,221 Main Street,,Town Hall
Massachusetts,1 J.F.K. Memorial Drive,,BRAINTREE,MA,dstarr@braintreema.gov,(781) 794-8259,,,
Massachusetts,2198 Main Street,,BREWSTER,MA,townclerk@brewster-ma.gov,(508) 896-8089,2198 Main Street,,
Massachusetts,66 Central Square,,BRIDGEWATER,MA,townclerk@bridgewaterma.org,(508) 279-0154,66 Central Square,,Silver drop box located at bottom of ramp at Bedford St. side entrance of Academy Building
Massachusetts,23 Main Street,,BRIMFIELD,MA,TownClerk@BrimfieldMA.org,,,,
Massachusetts,45 School Street,,BROCKTON,MA,elections@cobma.us,(508) 583-6424,45 School Street,,
Massachusetts,6 Central Street,,BROOKFIELD,MA,mseery@brookfieldma.us,(508) 867-5091,,,
Massachusetts,333 Washington Street,,BROOKLINE,MA,townclerk@brooklinema.gov,(617) 730-2043,333 Washington Street,,
Massachusetts,17 State Street,,BUCKLAND,MA,twnclerk@town.buckland.ma.us,(413) 625-8570,17 State Street,,Outside front of Town Offices
Massachusetts,29 Center Street,,BURLINGTON,MA,vote@burlington.org,(781) 238-4692,29 Center Street,,Front steps
Massachusetts,51 Inman Street,,CAMBRIDGE,MA,elections2@cambridgema.gov,(617) 349-4366,795 Massachusetts Avenue,,City Hall - Near the back door of the building
Massachusetts,,,CAMBRIDGE,MA,,,40 Granite Street,,Morse School - Near the front entrance of the building
Massachusetts,,,CAMBRIDGE,MA,,,125 6th Street,,Cambridge Police Headquarters - Left-side of the front of the building
Massachusetts,,,CAMBRIDGE,MA,,,28 Sacramento Street,,Maria L. Baldwin School - Right-side of the Oxford Street entrance of the building
Massachusetts,,,CAMBRIDGE,MA,,,70 Rindge Avenue,,O'Neill Library - Adjacent to the entrance stairs of the building
Massachusetts,,,CAMBRIDGE,MA,,,51 Inman Street,,Coffon Building - Right-side of the front of the building
Massachusetts,801 Washington Street,,CANTON,MA,elections@town.canton.ma.us,(781) 821-5016,801 Washington Street,,
Massachusetts,66 Westford Street,,CARLISLE,MA,townclerk@carlislema.gov,(978) 371-0594,66 Westford Street,,"Town Hall payment slot, left of main front doors"
Massachusetts,108 Main Street,,CARVER,MA,town.clerk@carverma.org,(508) 866-3408,108 Main Street,,Gray box on front corner of Town Hall
Massachusetts,"157 Main Street, Box 605",,CHARLEMONT,MA,kathy.reynolds@townofcharlemont.org,(413) 339-0320,,,
Massachusetts,37 Main Street,,CHARLTON,MA,town.clerk@townofcharlton.net,(508) 248-2381,37 Main Street,,"Mail slot to right of door, near accessible parking"
Massachusetts,549 Main Street,,CHATHAM,MA,vote@chatham-ma.gov,(508) 945-0752,549 Main Street,,
Massachusetts,50 Billerica Road,,CHELMSFORD,MA,townclerk@chelmsfordma.gov,(978) 250-5252,50 Billerica Road,,Front entrance
Massachusetts,500 Broadway,,CHELSEA,MA,vote@chelseama.gov,(617) 466-4059,Washington Avenue,,City Hall entrance
Massachusetts,80 Church Street,,CHESHIRE,MA,townclerk@cheshire-ma.gov,(413) 743-0389,80 Church Street,,At Town Hall entrance
Massachusetts,15 Middlefield Road,,CHESTER,MA,rdalesandro@townofchester.net,(413) 354-2268,15 Middlefield Road,,
Massachusetts,422 Main Road,,CHESTERFIELD,MA,election@townofchesterfieldma.com,(413) 296-4394,422 Main Road,,
Massachusetts,274 Front Street,,CHICOPEE,MA,jsurdyka@chicopeema.gov,(413) 594-1554,274 Front Street,,
Massachusetts,401 Middle Road,,CHILMARK,MA,townclerk@chilmarkma.gov,(508) 645-2110,401 Middle Street,,To the left of main entrance to Town Hall
Massachusetts,111 River Road,,CLARKSBURG,MA,townclerk@clarksburgma.gov,(413) 664-6575,111 River Road,,Tax Collector's drop box inside Town Hall entryway
Massachusetts,242 Church Street,,CLINTON,MA,hsargent@clintonma.gov,(978) 612-0212,242 Church Street,,Outside Town Hall
Massachusetts,41 Highland Avenue,,COHASSET,MA,townclerk@cohassetma.org,(781) 383-1561,41 Highland Avenue,,Payment box in front of Town Hall
Massachusetts,55 Main Road,,COLRAIN,MA,townclerk@colrain-ma.gov,(413) 624-8852,55 Main Road,,
Massachusetts,22 Monument Square,,CONCORD,MA,townclerk@concordma.gov,(978) 318-3093,22 Monument Square,,Left side of the Town House
Massachusetts,32 Main Street,,CONWAY,MA,clerk@townofconway.com,(413) 369-4237,,,
Massachusetts,33 Main Street,,CUMMINGTON,MA,djordan@cummington-ma.gov,(413) 634-5568,33 Main Street,,Side entrance off parking lot
Massachusetts,462 Main Street,,DALTON,MA,mblake@dalton-ma.gov,(413) 684-6129,462 Main Street,,At sidewalk near accessible ramp on South Carson Ave.
Massachusetts,1 Sylvan Street,,DANVERS,MA,townclerk@danversma.gov,(978) 406-4191,1 Sylvan Street,,"Town Hall, bottom of front steps"
Massachusetts,400 Slocum Road,,DARTMOUTH,MA,clerk@town.dartmouth.ma.us,(508) 910-1894,400 Slocum Road,,Either silver box in front of Town Hall
Massachusetts,450 Washington Street,,DEDHAM,MA,pmunchbach@dedham-ma.gov,(781) 751-9109,450 Washington Street,,New Town Hall rear entrance
Massachusetts,8 Conway Street,,DEERFIELD,MA,vote@town.deerfield.ma.us,(413) 665-5512,8 Conway Street,South Deerfield,
Massachusetts,685 Route 134,,DENNIS,MA,clerksoffice@town.dennis.ma.us,(508) 394-8309,685 Route 134,South Dennis,"By Front Entrance, 24/7"
Massachusetts,979 Somerset Avenue,,DIGHTON,MA,smedeiros@dighton-ma.gov,(508) 669-5932,979 Somerset Avenue,,
Massachusetts,29 Depot Street,,DOUGLAS,MA,cfurno@douglas-ma.gov,(508) 476-4012,29 Center Street,,Municipal Center
Massachusetts,5 Springdale Avenue,,DOVER,MA,townclerk@doverma.org,(508) 785-2341,5 Springdale Avenue,,Treasurer's payment box in semicircle
Massachusetts,62 Arlington Street,,DRACUT,MA,elections@dracutma.gov,(978) 452-7924,62 Arlington Street,,
Massachusetts,71 West Main Street,,DUDLEY,MA,townclerk@dudleyma.gov,(508) 949-7115,71 West Main Street,,Police lobby
Massachusetts,511 Main Street,,DUNSTABLE,MA,cskerrett@dunstable-ma.gov,(978) 649-4371,,,
Massachusetts,878 Tremont Street,,DUXBURY,MA,kelley@town.duxbury.ma.us,(781) 934-1133,878 Tremont Street,,Back door of Town Hall
Massachusetts,175 Central Street,,EAST  BRIDGEWATER,MA,Townclerk@eastbridgewaterma.gov,(508) 378-1638,175 Central Street,,"Town Hall, to the right of front door"
Massachusetts,122 Connie Mack Drive,,EAST  BROOKFIELD,MA,townclerk@eastbrookfieldma.us,(508) 867-4190,122 Connie Mack Drive,,"By entrance to Town Office, back of building"
Massachusetts,60 Center Square,,EAST  LONGMEADOW,MA,elections@eastlongmeadowma.gov,,60 Center Square,,
Massachusetts,2500 State Hwy,,EASTHAM,MA,townclerk@eastham-ma.gov,(774) 801-3923,2500 State Highway,,
Massachusetts,50 Payson Avenue,,EASTHAMPTON,MA,vote@easthamptonma.gov,(413) 529-1417,50 Payson Avenue,,
Massachusetts,136 Elm Street,,EASTON,MA,votebymail@easton.ma.us,(508) 230-0569,136 Elm Street,,
Massachusetts,70 Main Street,,EDGARTOWN,MA,kmedeiros@edgartown-ma.us,(508) 627-6119,70 Main Street,,Inside lobby
Massachusetts,171 Egremont Plain Road,,EGREMONT,MA,townclerk@egremont-ma.gov,(413) 528-5465,171 Egremont Plain Road,,
Massachusetts,12 East Main Street,,ERVING,MA,richard.newton@erving-ma.gov,(413) 422-2808,12 East Main Street,,
Massachusetts,30 Martin Street,,ESSEX,MA,townclerk@essexma.org,(978) 768-2505,30 Martin Street,,Outside of front door
Massachusetts,484 Broadway,,EVERETT,MA,sergio.cornelio@ci.everett.ma.us,(617) 544-6330,,,
Massachusetts,40 Center Street,,FAIRHAVEN,MA,clerk@fairhaven-ma.gov,,40 Center Street,,"Mail slot in town clerk's outside door. Open Monday-Friday, 8"
Massachusetts,1 Government Center,,FALL  RIVER,MA,ksouza-young@fallriverma.org,(508) 324-2633,One Government Center,,3rd Street Entrance
Massachusetts,59 Town Hall Square,,FALMOUTH,MA,townclerk@falmouthma.gov,(508) 457-2511,59 Town Hall Square,,
Massachusetts,166 Boulder Drive,,FITCHBURG,MA,vote@fitchburgma.gov,(978) 829-1964,166 Boulder Drive,,
Massachusetts,379 Mohawk Trail,,FLORIDA,MA,floridaclerk.floridamass@gmail.com,(413) 664-8640,,,
Massachusetts,40 South Street,,FOXBOROUGH,MA,bcutler@foxboroughma.gov,(508) 543-6278,40 South Street,,Drop slot on front entrance of Town Hall
Massachusetts,150 Concord Street,,FRAMINGHAM,MA,cityclerk@framinghamma.gov,(508) 628-1358,150 Concord Street,,rear of the Memorial Building
Massachusetts,355 East Central Street,,FRANKLIN,MA,townclerk@franklinma.gov,(508) 520-4913,355 East Central Street,,To the left of the building
Massachusetts,3 North Main Street,,FREETOWN,MA,townclerk@freetownma.gov,(508) 644-9826,3 North Main Street,Assonet,
Massachusetts,95 Pleasant Street,,GARDNER,MA,elections@gardner-ma.gov,(978) 630-2589,95 Pleasant Street,,
Massachusetts,1 Library Street,,GEORGETOWN,MA,townclerk@georgetownma.gov,(978) 352-5725,1 Library Street,,Town Hall back door
Massachusetts,325 Main Road,,GILL,MA,townclerk@gillmass.org,(413) 863-7775,325 Main Road,,At rear door of building
Massachusetts,9 Dale Avenue,,GLOUCESTER,MA,elections@gloucester-ma.gov,(978) 282-3051,9 Dale Avenue,,Warren Street entrance to City Hall
Massachusetts,40 Main Street,,GOSHEN,MA,clerk@goshen-ma.us,(413) 268-8237,40 Main Street,,Up the stairs to the left of the door
Massachusetts,28 Tower Hill Road,,GOSNOLD,MA,gosnoldtownclerk@yahoo.com,(508) 990-3318,,,
Massachusetts,30 Providence Road,,GRAFTON,MA,clerks@grafton-ma.gov,(508) 839-4602,30 Providence Road,,Front of Town Hall
Massachusetts,215 B West State Street,,GRANBY,MA,kkellyregan@granby-ma.gov,(413) 467-3101,215 B West State Street,,
Massachusetts,707 Main Road,,GRANVILLE,MA,townclerk@townofgranville.org,(413) 357-6002,,,
Massachusetts,334 Main Street,,GREAT  BARRINGTON,MA,jmessina@townofgb.org,(413) 528-1026,334 Main Street,,"Black drop box, to the left of front stairs to Town Hall"
Massachusetts,14 Court Square,,GREENFIELD,MA,townclerk@greenfield-ma.gov,(413) 772-1542,14 Court Square,,"Right side of City Hall, at the top of accessible ramp, to the left of door"
Massachusetts,173 Main Street,,GROTON,MA,townclerk@townofgroton.org,(978) 448-2030,173 Main Street,,"Town Hall, rear"
Massachusetts,183 Main Street,,GROVELAND,MA,ecunniff@grovelandma.com,(978) 469-5006,183 Main Street,,On parking lot side entrance to Town Hall
Massachusetts,100 Middle Street,,HADLEY,MA,clerk@hadleyma.org,(413) 586-5661,100 Middle Street,,Town Hall side door
Massachusetts,499 Plymouth Street,,HALIFAX,MA,clerksoffice@halifax-ma.org,(781) 294-7684,499 Plymouth Street,,
Massachusetts,577 Bay Road,,HAMILTON,MA,ckale@hamiltonma.gov,(978) 468-2682,577 Bay Road,,Drop box at left side of Town Hall
Massachusetts,625 Main Street,,HAMPDEN,MA,vote@hampdenma.gov,(413) 566-3513,625 Main Street,,"Behind the Town House, to the left of the foyer"
Massachusetts,3650 Hancock Road,,HANCOCK,MA,hantclb1@aol.com,(413) 738-5310,3650 Hancock Road,,
Massachusetts,550 Hanover Street,,HANOVER,MA,clerk@hanover-ma.gov,,550 Hanover Street,,Front of Town Hall
Massachusetts,542 Liberty Street,,HANSON,MA,townclerk@hanson-ma.gov,(781) 294-0884,541 Liberty Street,,Front of building
Massachusetts,307 Main Street,,HARDWICK,MA,clerk@townofhardwick.com,(413) 477-6703,307 Main St. Gilbertville,,"Top of stairs, to the right"
Massachusetts,13 Ayer Road,,HARVARD,MA,townclerk@harvard.ma.us,(978) 456-4113,13 Ayer Road,,To the left of the front doors
Massachusetts,732 Main Street,,HARWICH,MA,adoucette@town.harwich.ma.us,(508) 430-7517,732 Main Street,,
Massachusetts,59 Main Street,,HATFIELD,MA,townclerk@townofhatfield.org,(413) 247-5029,59 Main Street,,
Massachusetts,4 Summer Street,,HAVERHILL,MA,cityclerk@cityofhaverhill.com,(978) 373-8490,4 Summer Street,,"Back of City Hall, drive by"
Massachusetts,8 Pudding Hollow Road,,HAWLEY,MA,townclerk@townofhawley.com,(413) 339-4959,8 Pudding Hollow Road,,
Massachusetts,1 East Main Street,,HEATH,MA,townclerk@townofheath.org,(413) 337-8542,,,
Massachusetts,210 Central Street,,HINGHAM,MA,townclerk@hingham-ma.gov,(781) 740-0239,210 Central Street,,At the end of Town Hall driveway
Massachusetts,39 South Street,,HINSDALE,MA,clerk@hinsdalema.gov,(413) 655-8807,,,
Massachusetts,50 N. Franklin Street,,HOLBROOK,MA,town_clerk@holbrookmassachusetts.us,(781) 767-9054,50 N. Franklin Street,,On ramp entrance to Town Hall
Massachusetts,1196 Main Street,,HOLDEN,MA,townclerk@holdenma.gov,(508) 829-0281,1196 Main Street,,Next to Town Hall
Massachusetts,27 Sturbridge Road,,HOLLAND,MA,townclerk@hollandma.org,(413) 245-7037,27 Sturbridge Road,,
Massachusetts,703 Washington Street,,HOLLISTON,MA,greendalee@holliston.k12.ma.us,(508) 429-0642,703 Washington Street,,
Massachusetts,536 Dwight Street,,HOLYOKE,MA,clerks@holyoke.org,(413) 322-5521,536 Dwight Street,,Back of City Hall entrance
Massachusetts,78 Hopedale Street,,HOPEDALE,MA,lpedroli@hopedale-ma.gov,(508) 634-2200,,,
Massachusetts,18 Main Street,,HOPKINTON,MA,townclerk@hopkintonma.gov,,,,
Massachusetts,7 Main Street,,HUBBARDSTON,MA,tclerk@hubbardstonma.us,(978) 928-1402,,,
Massachusetts,78 Main Street,,HUDSON,MA,jwordell@townofhudson.org,(978) 562-8508,78 Main Street,,At Church St. entrance to Town Hall
Massachusetts,253 Atlantic Avenue,,HULL,MA,votebymail@town.hull.ma.us,(781) 925-0224,253 Atlantic Avenue,,Outside Town Hall
Massachusetts,24 Russell Road,,HUNTINGTON,MA,townclerk@huntingtonma.us,(413) 667-3507,24 Russell Road,,Side door
Massachusetts,25 Green Street,,IPSWICH,MA,amya@ipswichma.gov,(978) 356-6021,25 Green Street,,Front of Town Hall
Massachusetts,26 Evergreen Street,,KINGSTON,MA,pgallagher@kingstonmass.org,(781) 585-0542,26 Evergreen Street,,
Massachusetts,346 Bedford Street,,LAKEVILLE,MA,vote@lakevillema.org,(508) 946-3970,346 Bedford Street,,
Massachusetts,701 Main Street,,LANCASTER,MA,dreardon@lancasterma.net,(978) 368-4011,695 Main Street,,
Massachusetts,83 North Main Street,,LANESBOROUGH,MA,town.clerk@lanesborough-ma.gov,(413) 443-5811,83 North Main Street,,
Massachusetts,200 Common Street,,LAWRENCE,MA,rreyes@cityoflawrence.com,(978) 722-9230,,,
Massachusetts,32 Main Street,,LEE,MA,cbrittain@town.lee.ma.us,(413) 243-5507,32 Main Street,,Town Hall entryway
Massachusetts,3 Washburn Square,,LEICESTER,MA,townclerk@leicesterma.org,(508) 892-7070,3 Washburn Square,,Town Hall
Massachusetts,6 Walker Street,,LENOX,MA,ksullivan@townoflenox.com,(413) 637-5518,6 Walker Street,,Mail slot in door labeled Municipal Drop Box
Massachusetts,25 West Street,,LEOMINSTER,MA,clerksdept@leominster-ma.gov,(978) 534-7546,25 West Street,,Blue/gray box labeled Municipal Drop Box
Massachusetts,9 Montague Road,,LEVERETT,MA,townclerk@leverett.ma.us,(413) 548-1035,9 Montague Road,,Back entrance of Town Hall
Massachusetts,1625 Massachusetts Avenue,,LEXINGTON,MA,clerk@lexingtonma.gov,(781) 861-2754,1625 Massachusetts Avenue,,"Across from Town Office Building, in circular driveway"
Massachusetts,16 West Leyden Road,,LEYDEN,MA,townclerk@townofleyden.com,(413) 772-0146,,,
Massachusetts,16 Lincoln Road,,LINCOLN,MA,townclerk@lincolntown.org,(781) 259-8735,,,
Massachusetts,37 Shattuck Street,,LITTLETON,MA,dcrory@littletonma.org,(978) 952-2321,37 Shattuck Street,,"Town Hall at the parking lot side, Main entrance to the left of the doors"
Massachusetts,20 Williams Street,,LONGMEADOW,MA,kingram@longmeadow.org,(413) 565-4130,20 Williams Street,,Mail slot to the right of Town Hall front door
Massachusetts,375 Merrimack Street,,LOWELL,MA,elections@lowellma.gov,(978) 970-4089,375 Merrimack Street,,"Outside City Hall at entrance to JFK Plaza, adjacent to public notice board"
Massachusetts,488 Chapin Street,,LUDLOW,MA,clerk@ludlow.ma.us,(413) 583-5603,488 Chapin Street,,"Behind Town Hall, left side of double doors"
Massachusetts,17 Main Street,,LUNENBURG,MA,kherrick@lunenburgonline.com,(978) 582-4148,17 Main Street,,In front of Town Hall
Massachusetts,3 City Hall Square,,LYNN,MA,krichard@lynnma.gov,(781) 477-7032,3 City Hall Square,,"Johnson Street Side of City Hall, next to accessible entrance"
Massachusetts,55 Summer Street,,LYNNFIELD,MA,lemerson@town.lynnfield.ma.us,(781) 334-9469,55 Summer Street,,
Massachusetts,215 Pleasant Street,,MALDEN,MA,cdesiderio@cityofmalden.org,(781) 388-0610,215 Pleasant Street,,24 hour drop box outside City Hall
Massachusetts,10 Central Street,,MANCHESTER-BY-THE-SEA,MA,townclerk@manchester.ma.us,(978) 526-2001,,,
Massachusetts,6 Park Row,,MANSFIELD,MA,mstaples@mansfieldma.com,(508) 261-1083,6 Park Row,,
Massachusetts,188 Washington Street,,MARBLEHEAD,MA,townclerk@marblehead.org,(781) 631-0561,188 Washington Street,,
Massachusetts,2 Spring Street,,MARION,MA,lmagauran@marionma.gov,(508) 748-3534,2 Spring Street,,Front of Town House
Massachusetts,140 Main Street,,MARLBOROUGH,MA,cityclerk@marlborough-ma.gov,(508) 460-3723,140 Main Street,,City Hall front entrance
Massachusetts,870 Moraine Street,,MARSHFIELD,MA,townclerk@townofmarshfield.org,,870 Moraine Street,,Town Clerk's exterior window
Massachusetts,16 Great Neck Road No.,,MASHPEE,MA,ddami@mashpeema.gov,(508) 539-1142,16 Great Neck Road No.,,Mail slot to the right of Town Hall front door
Massachusetts,16 Main Street,,MATTAPOISETT,MA,townclerk@mattapoisett.net,(508) 758-4121,,,
Massachusetts,195 Main Street,,MAYNARD,MA,clerk@townofmaynard.net,(978) 897-8553,,,
Massachusetts,459 Main Street,,MEDFIELD,MA,jmullen@medfield.net,(508) 359-6182,459 Main Street,,Back entrance of Town Hall
Massachusetts,85 George Hassett Drive,,MEDFORD,MA,ahurtubise@medford-ma.gov,(781) 391-1895,85 George P. Hassett Drive,,Inside City Hall lobby
Massachusetts,155 Village Street,,MEDWAY,MA,mwhite@townofmedway.org,(508) 533-3201,155 Village Street,,
Massachusetts,562 Main Street,,MELROSE,MA,elections@cityofmelrose.org,(781) 979-4149,23 Essex Street,,East side of building
Massachusetts,20 Main Street,,MENDON,MA,vote@mendonma.gov,(508) 478-8241,20 Main Street,,Outside front door
Massachusetts,2 School Street,,MERRIMAC,MA,townclerk@townofmerrimac.com,(978) 346-8013,,,
Massachusetts,41 Pleasant Street,,METHUEN,MA,cityclerk@ci.methuen.ma.us,(978) 983-8977,41 Pleasant Street,,"Outside City Hall, ground level entrance"
Massachusetts,20 Centre Street. 1st Floor,,MIDDLEBOROUGH,MA,vote@middleborough.com,(508) 946-2308,10 Nickerson Avenue,,Town Hall parking lot drop box
Massachusetts,188 Skyline Trail,,MIDDLEFIELD,MA,townclerk@middlefieldma.net,(413) 623-6108,188 Skyline Trail,,Left of main entrance to Town Hall
Massachusetts,48 South Main Street,,MIDDLETON,MA,townclerk@middletonma.gov,(978) 774-6167,48 South Main Street,,
Massachusetts,52 Main Street,,MILFORD,MA,townclerksoffice@townofmilford.com,(508) 634-2324,52 Main Street,,Top of stairs on North Bow Street side of Town Hall
Massachusetts,127 Elm Street,,MILLBURY,MA,jdavolio@townofmillbury.net,(508) 865-0857,127 Elm Street,,To the left of the main doors at the Municipal Office Building
Massachusetts,900 Main Street,,MILLIS,MA,townclerk@millisma.gov,(508) 376-7055,,,
Massachusetts,290 Main Street,,MILLVILLE,MA,townclerk@millvillema.org,(508) 883-2994,290 Main Street,,"Back of Town Hall, to the right of the posting board"
Massachusetts,525 Canton Avenue,,MILTON,MA,sgalvin@townofmilton.org,(617) 696-6995,525 Canton Avenue,,At Accessible side entrance
Massachusetts,102 School Street,,MONROE,MA,elections@sec.state.ma.us,(413) 424-5272,,,
Massachusetts,110 Main Street,,MONSON,MA,townclerk@monson-ma.gov,(413) 267-3726,110 Main Street,,
Massachusetts,One Avenue A,,MONTAGUE,MA,vote@montague-ma.gov,(413) 863-3224,1 Avenue A,Turners Falls,Front of Town Hall
Massachusetts,435 Main Road,,MONTEREY,MA,clerk@montereyma.gov,(413) 528-9452,435 Main Road,,
Massachusetts,161 Main Road,,MONTGOMERY,MA,jmurphy@montgomeryma.gov,(413) 862-3204,161 Main Road,,Front door
Massachusetts,2 Plantain Pond Road,,MOUNT  WASHINGTON,MA,gailg@townofmtwashington.com,(413) 528-2839,,,
Massachusetts,334 Nahant Road,,NAHANT,MA,ddunfee@nahant.org,(781) 581-8314,,,
Massachusetts,16 Broad Street,,NANTUCKET,MA,townclerk@nantucket-ma.gov,(508) 325-5313,16 Broad Street,,At front entrance
Massachusetts,13 East Central Street,,NATICK,MA,vote@natickma.org,(508) 655-6715,13 East Central Street,,
Massachusetts,1471 Highland Avenue,,NEEDHAM,MA,votingapplications@needhamma.gov,(781) 449-1246,1471 Highland Avenue,,Town Hall driveway
Massachusetts,188 Mallery Road,,NEW  ASHFORD,MA,elections@sec.state.ma.us,(413) 458-5461,,,
Massachusetts,133 William Street,,NEW  BEDFORD,MA,manuel.debrito@newbedford-ma.gov,(508) 979-1422,133 William Street,,
Massachusetts,20 Memorial Drive,,NEW  BRAINTREE,MA,townclerk@newbraintree.org,(508) 867-6316,20 Memorial Drive,,Outside entrance
Massachusetts,807 Mill River Southfield Road,,NEW  MARLBOROUGH,MA,kchretien@newmarlboroughma.gov,(413) 229-7041,807 Mill River Southfield Road,Mill River,"Blue box at rear entrance of the parking lot, to the right of entrance"
Massachusetts,24 South Main Street,,NEW SALEM,MA,newsalemsclerk@aol.com,,15 South Main Street,,Front of Town Hall
Massachusetts,12 Kent Way,,NEWBURY,MA,townclerk@townofnewbury.org,(978) 572-1228,12 Kent Way,,Right-hand side of the driveway
Massachusetts,60 Pleasant Street,,NEWBURYPORT,MA,vote@cityofnewburyport.com,(978) 462-7936,60 Pleasant Street,,"City Hall, mail slot at front entrance"
Massachusetts,1000 Commonwealth Avenue,,NEWTON,MA,elections@newtonma.gov,(617) 796-1214,1000 Commonwealth Avenue,,
Massachusetts,1 Liberty Lane,,NORFOLK,MA,cgreene@norfolk.ma.us,,1 Liberty Lane,,
Massachusetts,10 Main Street,,NORTH  ADAMS,MA,city_clerk@northadams-ma.gov,(413) 662-3532,10 Main Street,,"City Hall, front entrance"
Massachusetts,120 Main Street,,NORTH ANDOVER,MA,vote@northandoverma.gov,(978) 688-9557,120 Main Street,,
Massachusetts,43 S. Washington Street,,NORTH  ATTLEBOROUGH,MA,boardofelections@nattleboro.com,(508) 699-0134,43 S. Washington Street,,Town Hall
Massachusetts,215 North Main Street,,NORTH  BROOKFIELD,MA,townclerk@northbrookfield.net,(508) 867-0217,215 North Main Street,,
Massachusetts,235 North Street,,NORTH READING,MA,Ballots@northreadingma.gov,(978) 664-4196,235 North Street,,
Massachusetts,210 Main Street,,NORTHAMPTON,MA,voting@northamptonma.gov,(413) 587-1220,210 Main Street,,Front steps at City Hall
Massachusetts,63 Main Street,,NORTHBOROUGH,MA,townclerk@town.northborough.ma.us,(508) 393-6996,63 Main Street,,Mail slot
Massachusetts,7 Main Street,,NORTHBRIDGE,MA,vote@northbridgemass.org,(508) 234-7640,7 Main Street,Whitinsville,
Massachusetts,69 Main Street,,NORTHFIELD,MA,townclerk@townnfld.com,(413) 498-5103,,,
Massachusetts,70 E Main Street,,NORTON,MA,ballotapplications@nortonmaus.com,(508) 285-0231,,,
Massachusetts,345 Main Street,,NORWELL,MA,panderson@townofnorwell.net,(781) 659-8073,,,
Massachusetts,566 Washington Street,,NORWOOD,MA,mfolan@norwoodma.gov,(781) 278-3018,,,
Massachusetts,56 School Street,,OAK  BLUFFS,MA,cmorris@oakbluffsma.gov,(508) 693-5124,,,
Massachusetts,2 Coldbrook Road,,OAKHAM,MA,christine.mardirosian@oakham-ma.gov,(508) 882-3060,2 Coldbrook Road,,
Massachusetts,6 Prospect Street,,ORANGE,MA,vote@townoforange.org,(978) 544-1134,6 Prospect Street,,
Massachusetts,19 School Road,,ORLEANS,MA,census@town.orleans.ma.us,(508) 240-3388,19 School Road,,
Massachusetts,1 N. Main Road,,OTIS,MA,tclerk.otis@gmail.com,(413) 269-0111,1 North Main Road,,
Massachusetts,325 Main Street,,OXFORD,MA,townclerkoffice@oxfordma.us,(508) 987-1804,325 Main Street,,Front of Town Hall
Massachusetts,4417 Main Street,,PALMER,MA,scoache@townofpalmer.com,(413) 283-2637,4417 Main Street,,
Massachusetts,697 Pleasant Street,,PAXTON,MA,lbecker@townofpaxton.net,(508) 797-0966,697 Pleasant Street,,Bottom of stairs of side door entrance
Massachusetts,24 Lowell Street,,PEABODY,MA,cityclerk@peabody-ma.gov,(978) 538-5985,24 Lowell Street,,At Accessible entrance
Massachusetts,351 Amherst Road,,PELHAM,MA,pelhamtownclerk@comcast.net,(413) 256-1061,2 South Valley Road,,Community Building Library Complex
Massachusetts,100 Center Street,,PEMBROKE,MA,mstruzik@townofpembrokemass.org,(781) 709-1456,,,
Massachusetts,1 Main Street,,PEPPERELL,MA,clerk@town.pepperell.ma.us,(978) 433-0338,1 Main Street,,Upper Level
Massachusetts,3 East Main Road,,PERU,MA,townclerk@townofperuma.com,(413) 655-2759,3 East Main Road,,To the Right of Town Hall front door
Massachusetts,3 South Main Street,,PETERSHAM,MA,petershamtownclerk@verizon.net,(978) 724-3501,3 South Main Street,,To the left of the front door
Massachusetts,50 The Common,,PHILLIPSTON,MA,townclerk@phillipston-ma.gov,(978) 249-1733,50 The Common,,
Massachusetts,70 Allen Street,,PITTSFIELD,MA,mbenjamin@cityofpittsfield.org,(413) 499-9463,70 Allen Street,,City Hall rear parking lot
Massachusetts,348 Main Street,,PLAINFIELD,MA,townclerk@town.plainfield.ma.us,(413) 634-5683,304 Main Street,,On front door of the Town Office
Massachusetts,190 South Street,,PLAINVILLE,MA,election@plainville.ma.us,(508) 576-8459,190 South Street,,
Massachusetts,26 Court Street,,PLYMOUTH,MA,ballots@townhall.plymouth.ma.us,(508) 830-4116,26 Court Street,,Main Entrance
Massachusetts,5 Palmer Road,,PLYMPTON,MA,townclerk@plymptontown.org,(781) 582-1505,5 Palmer Road,,
Massachusetts,6 Town Hall Drive,,PRINCETON,MA,townclerk@town.princeton.ma.us,,206 Worcester Road,,"Post Office Place, in back of building at bottom of ramp, in front of glass doors"
Massachusetts,260 Commercial Street,,PROVINCETOWN,MA,pgaudet@provincetown-ma.gov,(508) 487-9560,260 Commercial Street,,Attached to wall to left of Ryder Street Entrance to Town Hall
Massachusetts,1305 Hancock Street,,QUINCY,MA,lbowes@quincyma.gov,(617) 376-1082,1305 Hancock Street,,At main entrance to City Hall
Massachusetts,41 South Main Street,,RANDOLPH,MA,clerk@randolph-ma.gov,(781) 961-0919,41 South Main Street,,
Massachusetts,558 South Main Street,,RAYNHAM,MA,msilvia@town.raynham.ma.us,(508) 823-1812,558 South Main Street,,
Massachusetts,16 Lowell Street,,READING,MA,lgemme@ci.reading.ma.us,(781) 942-9070,16 Lowell Street,,
Massachusetts,148 Peck Street,,REHOBOTH,MA,townclerk@RehobothMA.gov,(508) 252-5342,148 Peck Street,,
Massachusetts,281 Broadway,,REVERE,MA,dcolella@revere.org,(781) 286-8206,281 Broadway,,On Pleasant Street side of basement entrance to City Hall
Massachusetts,1529 State Road,,RICHMOND,MA,clerk@richmondma.org,(413) 698-3272,1529 State Road,,
Massachusetts,1 Constitution Way,,ROCHESTER,MA,pdawson@townofrochester.com,(508) 763-4892,1 Constitution Way,,"Front of Town Hall, to the left of bulletin board"
Massachusetts,242 Union Street,,ROCKLAND,MA,dshortall@rockland-ma.gov,(781) 871-0386,242 Union Street,,Drop slot to Collector’s office
Massachusetts,34 Broadway,,ROCKPORT,MA,townclerk@rockportma.gov,(978) 546-5018,34 Broadway,,At accessible entrance to Town Hall
Massachusetts,321 Zoar Road,,ROWE,MA,townclerk@rowe-ma.gov,(413) 339-5316,321 Zoar Road,,
Massachusetts,139 Main Street,,ROWLEY,MA,townclerk@townofrowley.org,(978) 948-2162,139 Main Street,,
Massachusetts,The Common,,ROYALSTON,MA,townclerk@royalston-ma.gov,(978) 575-0748,,,
Massachusetts,65 Main Street,,RUSSELL,MA,russelltownclerk@russellma.net,,,,
Massachusetts,250 Main Street,,RUTLAND,MA,elections@townofrutland.org,(508) 886-2929,250 Main Street,,In front of Community Hall
Massachusetts,93 Washington Street,,SALEM,MA,elections@salem.com,,48 Lafayette Street,,Fire Station Headquarters
Massachusetts,,,SALEM,MA,,,64 Loring Avenue,,Fire Station #5
Massachusetts,,,SALEM,MA,,,415 Essex Street,,Fire Station #4
Massachusetts,,,SALEM,MA,,,142 North Street,,Fire Station #2
Massachusetts,,,SALEM,MA,,,93 Washington Street,,City Hall
Massachusetts,5 Beach Road,,SALISBURY,MA,townclerk@salisburyma.gov,(978) 462-4176,5 Beach Road,,"Town Hall, near top of ramp"
Massachusetts,66 Sandisfield Road,,SANDISFIELD,MA,townclerk@sandisfieldma.gov,(413) 258-4225,,,
Massachusetts,145 Main Street,,SANDWICH,MA,twhite@sandwichmass.org,(508) 888-2497,145 Main Street,,"Town Hall Annex, black box next to the front steps"
Massachusetts,298 Central Street,,SAUGUS,MA,eschena@saugus-ma.gov,(781) 231-4109,298 Central Street,,
Massachusetts,720 Main Road,,SAVOY,MA,savoytownclerk@gmail.com,(413) 743-4292,,,
Massachusetts,600 C.J. Cushing Way,,SCITUATE,MA,kgardner@scituatema.gov,(781) 545-8704,600 C.J. Cushing Way,,Mail slot in front door
Massachusetts,100 Peck Street,,SEEKONK,MA,townclerk@seekonk-ma.gov,(508) 336-0764,100 Peck Street,,Front of Town Hall
Massachusetts,90 South Main Street,,SHARON,MA,Vote@townofsharon.org,(781) 784-1518,,,
Massachusetts,21 Depot Square,,SHEFFIELD,MA,fjoyce@sheffieldma.gov,(413) 229-7010,21 Depot Square,,
Massachusetts,51 Bridge Street,,SHELBURNE,MA,townclerk@townofshelburnema.gov,(413) 625-0312,51 Bridge Street,,
Massachusetts,19 Washington Street,,SHERBORN,MA,vote@sherbornma.org,(508) 651-0407,19 Washington Street,,Front of Town Hall
Massachusetts,7 Keady Way,,SHIRLEY,MA,clerk@shirley-ma.gov,(978) 234-9112,7 Keady Way,,"On wall, to left of front door"
Massachusetts,100 Maple Avenue,,SHREWSBURY,MA,swright@shrewsburyma.gov,(508) 841-1501,100 Maple Avenue,,
Massachusetts,1 Cooleyville Road,,SHUTESBURY,MA,townclerk@shutesbury.org,(413) 259-1107,1 Cooleyville Road,,
Massachusetts,140 Wood Street,,SOMERSET,MA,dberge@town.somerset.ma.us,(508) 646-2802,140 Wood Street,,
Massachusetts,93 Highland Avenue,,SOMERVILLE,MA,vote@somervillema.gov,(617) 625-5643,93 Highland Avenue,,City Hall concourse
Massachusetts,,,SOMERVILLE,MA,,,290 Washington Street,,Front of the Argenziano School
Massachusetts,,,SOMERVILLE,MA,,,177 Powderhouse Blvd.,,Outside West Somerville Neighborhood School
Massachusetts,,,SOMERVILLE,MA,,,115 Sycamore Street,,Entrance to Winter Hill Community School
Massachusetts,,,SOMERVILLE,MA,,,167 Holland Street,,Front of Tufts Administrative Building
Massachusetts,,,SOMERVILLE,MA,,,31 College Avenue,,Front of Somerville Community Baptist Church
Massachusetts,,,SOMERVILLE,MA,,,269 Highland Avenue,,Near Fire Engine 7
Massachusetts,,,SOMERVILLE,MA,,,Across from 66 Glen Street,,Glen Street entrance to East Somerville Community School
Massachusetts,,,SOMERVILLE,MA,,,351 Summer Street,,Front of the Dilboy Post
Massachusetts,,,SOMERVILLE,MA,,,182 Summer Street,,Front of St. Catherine of Genoa Parish parking lot
Massachusetts,116 Main Street,,SOUTH  HADLEY,MA,chamlin@southhadleyma.gov,(413) 538-7565,41 Bridge Street,,Behind Police Station
Massachusetts,210 College Hwy,,SOUTHAMPTON,MA,townclerk@townofsouthampton.org,,610 Main Street,,In parking lot behind City Hall
Massachusetts,17 Common Street,,SOUTHBOROUGH,MA,townclerk@southboroughma.com,(508) 480-0161,17 Common Street,,
Massachusetts,41 Elm Street,,SOUTHBRIDGE,MA,mbonadies@southbridgemass.org,(508) 764-2309,41 Elm Street,,"Town Hall payment box, side of Town Hall"
Massachusetts,454 College Hwy,,SOUTHWICK,MA,treasurer@southwickma.net,(413) 569-0667,454 College Highway,,
Massachusetts,157 Main Street,,SPENCER,MA,townclerks@spencerma.gov,(508) 885-7528,157 Main Street,,
Massachusetts,36 Court Street,,SPRINGFIELD,MA,elections@springfieldcityhall.com,(413) 787-6186,36 Court Street,,Rear of City Hall by White Tent
Massachusetts,1 Park Street,,STERLING,MA,townclerk@sterling-ma.gov,(978) 422-0289,1 Park Street,,
Massachusetts,50 Main Street,,STOCKBRIDGE,MA,clerk@townofstockbridge.com,(413) 298-4344,50 Main Street,,Outside main front door
Massachusetts,35 Central Street,,STONEHAM,MA,townclerk@stoneham-ma.gov,(781) 279-2653,35 Central Street,,
Massachusetts,10 Pearl Street,,STOUGHTON,MA,scarrara@stoughton-ma.gov,(781) 232-9295,,,
Massachusetts,380 Great Road,,STOW,MA,vote@stow-ma.gov,,380 Great Road,,Blue metal box to left of front door at Town Building
Massachusetts,308 Main Street,,STURBRIDGE,MA,townclerk@sturbridge.gov,(508) 347-5886,308 Main Street,,"Back entrance, parking lot"
Massachusetts,322 Concord Road,,SUDBURY,MA,votebymail@sudbury.ma.us,(978) 639-3340,322 Concord Road,,
Massachusetts,12 School Street,,SUNDERLAND,MA,townclerk@townofsunderland.us,(413) 665-1446,12 School Street,,Back of town offices
Massachusetts,4 Uxbridge Road,,SUTTON,MA,l.caruso@town.sutton.ma.us,(508) 865-8721,,,
Massachusetts,22 Monument Avenue,,SWAMPSCOTT,MA,sduplin@swampscottma.gov,(781) 596-8870,22 Monument Avenue,,Town Hall
Massachusetts,81 Main Street,,SWANSEA,MA,dpelland@town.swansea.ma.us,(508) 324-6700,81 Main Street,,On sidewalk along driveway
Massachusetts,141 Oak Street,,TAUNTON,MA,kandrade@taunton-ma.gov,(508) 821-1202,,,
Massachusetts,160 Patriots Road,,TEMPLETON,MA,charris@templetonma.gov,(978) 894-2766,160 Patriots Road,East Templeton,Blue drop box at beginning of walkway to Town Hall
Massachusetts,1009 Main Street,,TEWKSBURY,MA,townclerk@tewksbury-ma.gov,(978) 851-8610,1009 Main Street,,At main glass doors to Town Hall
Massachusetts,51 Spring Street,,TISBURY,MA,hconklin@tisburyma.gov,(508) 693-5876,,,
Massachusetts,241 W. Granville Road,,TOLLAND,MA,townclerk@tolland-ma.gov,(413) 258-4048,,,
Massachusetts,8 West Common Street,,TOPSFIELD,MA,clerk@topsfield-ma.gov,(978) 887-1502,8 West Common Street,,"Front, street-side entrance"
Massachusetts,272 Main Street,,TOWNSEND,MA,clerk@townsend.ma.us,(978) 597-8135,272 Main Street,,"Next to the main entrance, off parking lot"
Massachusetts,24 Town Hall Road,,TRURO,MA,sjoseph@truro-ma.gov,(508) 349-5505,24 Town Hall Road,,"Front, street-side entrance"
Massachusetts,25 Bryants Lane,,TYNGSBOROUGH,MA,jshifres@tyngsboroughma.gov,(978) 649-2320,25 Bryants Lane,,"Outside main entrance, left side of building"
Massachusetts,116 Main Road,,TYRINGHAM,MA,townclerk@bcn.net,(413) 243-4942,116 Main Road,,
Massachusetts,1 Main Street,,UPTON,MA,vote@uptonma.gov,(508) 529-1010,1 Main Street,,
Massachusetts,21 South Main Street,,UXBRIDGE,MA,kcote@uxbridge-ma.gov,(508) 278-5472,21 South Main Street,,
Massachusetts,1 Lafayette Street,,WAKEFIELD,MA,bsheeran@wakefield.ma.us,(781) 246-4155,1 Lafayette Street,,On front steps of Town Hall; Accessible drop box to left of front steps of Town Hal
Massachusetts,3 Hollow Road,,WALES,MA,townclerk@townofwales.net,(413) 245-3261,3 Hollow Road,,Rear door of Town Office Building
Massachusetts,135 School Street,,WALPOLE,MA,townclerk@walpole-ma.gov,(508) 660-7297,135 School Street,,"Near the rear of Town Hall, on the parking lot side"
Massachusetts,610 Main Street,,WALTHAM,MA,cityclerks@city.waltham.ma.us,(781) 314-3130,610 Main Street,,In parking lot behind City Hall
Massachusetts,126 Main Street,,WARE,MA,ntalbot@townofware.com,(413) 967-9638,,,
Massachusetts,54 Marion Road,,WAREHAM,MA,clerk@wareham.ma.us,(508) 291-6511,54 Marion Road,,Town Hall
Massachusetts,48 High Street,,WARREN,MA,lowell@warren-ma.gov,(413) 436-9754,48 High Street,,
Massachusetts,12 Athol Road,,WARWICK,MA,townclerk@town.warwick.ma.us,(978) 544-6499,12 Athol Road,,
Massachusetts,8 Summit Hill Road,,WASHINGTON,MA,washington.ma.townclerk@gmail.com,(413) 623-2116,8 Summit Hill Road,,
Massachusetts,149 Main Street,,WATERTOWN,MA,jflynn@watertown-ma.gov,(617) 972-6595,149 Main Street,,Town Clerk/Saltonstall Park side of building
Massachusetts,41 Cochituate Road,,WAYLAND,MA,townclerk@wayland.ma.us,(508) 358-1683,Public Safety Building,,Outside
Massachusetts,350 Main Street,,WEBSTER,MA,bcraver@webster-ma.gov,(508) 943-0033,350 Main Street,,At end of ramp in Town Hall parking lot
Massachusetts,525 Washington Street,,WELLESLEY,MA,Elections@WellesleyMA.gov,(781) 237-5037,525 Washington Street,,
Massachusetts,300 Main Street,,WELLFLEET,MA,jennifer.congel@wellfleet-ma.gov,(508) 349-0317,,,
Massachusetts,59 Lockes Village Road,,WENDELL,MA,townclerk@wendellmass.us,(978) 544-7467,,,
Massachusetts,138 Main Street,,WENHAM,MA,dbucco@wenhamma.gov,(978) 468-8014,138 Main Street,,
Massachusetts,140 Worcester Street,,WEST BOYLSTON,MA,townclerk@westboylston-ma.gov,(774) 261-4021,140 Worcester Street,,"Town Hall, near the flagpole"
Massachusetts,65 North Main Street,,WEST  BRIDGEWATER,MA,townclerk@wbridgewater.com,(508) 894-1210,65 North Main Street,,
Massachusetts,2 E. Main Street,,WEST  BROOKFIELD,MA,vitals@wbrookfield.com,(508) 867-1400,2 East Main Street,,Cottage Street Entrance
Massachusetts,381 Main Street,,WEST  NEWBURY,MA,mmccarron@wnewbury.org,(978) 363-1826,,,
Massachusetts,26 Central Street,,WEST  SPRINGFIELD,MA,clerk@tows.org,(413) 263-3046,26 Central Street,,Outside
Massachusetts,21 State Line Road,,WEST  STOCKBRIDGE,MA,clerk@weststockbridge-ma.gov,(413) 232-7195,21 State Line Road,,"Outside Town Hall, on the left of front door; Inside Town Hall, to the left of town clerk's window"
Massachusetts,1059 State Road,,WEST TISBURY,MA,townclerk@westtisbury-ma.gov,(508) 696-0103,1059 State Road,,Outside Town Hall
Massachusetts,34 West Main Street,,WESTBOROUGH,MA,townclerk@town.westborough.ma.us,(508) 366-3012,34 West Main Street,,"Front of Town Hall, to left side"
Massachusetts,59 Court Street,,WESTFIELD,MA,votewestfield@cityofwestfield.org,(413) 564-3114,59 Court Street,,City Hall side entrance
Massachusetts,55 Main Street,,WESTFORD,MA,townclerk@westfordma.gov,(978) 399-2555,55 Main Street,,Outside rear door to Town Hall
Massachusetts,One South Road,,WESTHAMPTON,MA,clerk@westhamptonma.org,(413) 527-8655,,,
Massachusetts,11 South Street,,WESTMINSTER,MA,westminstervoting@westminster-ma.gov,(978) 874-7411,11 South Street,,Front door of Town Hall
Massachusetts,11 Town House Road,,WESTON,MA,davenport.d@westonma.gov,(781) 786-5079,11 Town House Road,,
Massachusetts,816 Main Road,,WESTPORT,MA,mail4westportballots@westport-ma.gov,(508) 636-1147,816 Main Road,,
Massachusetts,580 High Street,,WESTWOOD,MA,dpowers@townhall.westwood.ma.us,(781) 948-4573,588 High Street,,Westwood Police Station
Massachusetts,75 Middle Street,,WEYMOUTH,MA,election@weymouth.ma.us,(781) 682-6129,,,
Massachusetts,4 Sandy Lane,,WHATELY,MA,townclerk@whately.org,(413) 665-9560,4 Sandy Lane,,
Massachusetts,54 South Avenue,,WHITMAN,MA,dawn.varley@whitman-ma.gov,(781) 618-9791,54 South Avenue,,Parking lot side of building near accessible entrance
Massachusetts,240 Springfield Street,,WILBRAHAM,MA,ctardif@wilbraham-ma.gov,(413) 596-2830,240 Springfield Street,,
Massachusetts,141 Main Street,,WILLIAMSBURG,MA,townclerk@burgy.org,(413) 268-8409,141 Main Street,,To the left of entrance into Town Offices
Massachusetts,31 North Street,,WILLIAMSTOWN,MA,npedercini@williamstownma.gov,(413) 458-4839,31 North Street,,In front of Town Hall
Massachusetts,121 Glen Road,,WILMINGTON,MA,townclerk@wilmingtonma.gov,(978) 657-7564,121 Glen Road,,
Massachusetts,109 Front Street,,WINCHENDON,MA,wstevens@townofwinchendon.com,(978) 297-2769,109 Front Street,,Front door
Massachusetts,71 Mount Vernon,,WINCHESTER,MA,townclerk@winchester.us,(781) 721-1153,71 Mount Vernon Street,,Front door
Massachusetts,1890 Route 9,,WINDSOR,MA,windsortownclerk@gmail.com,(413) 684-3806,1890 Route 9,,Drop Box 2
Massachusetts,1 Metcalf Square,,WINTHROP,MA,cvitale@town.winthrop.ma.us,(617) 539-0812,One Metcalf Square,,Front door
Massachusetts,10 Common Street,,WOBURN,MA,ballot@woburnma.gov,(781) 897-5859,10 Common Street,,At rear accessible entrance
Massachusetts,455 Main Street,,WORCESTER,MA,elections@worcesterma.gov,(508) 799-1137,455 Main Street,,City Hall garage entrance
Massachusetts,,,WORCESTER,MA,,,455 Main Street,,City Hall - 1st Floor Back of the Common entrance
Massachusetts,,,WORCESTER,MA,,,19 Burncoat Street,,Burncoat Street Fire Station
Massachusetts,,,WORCESTER,MA,,,266 Franklin Street,,Franklin Street Fire Station
Massachusetts,,,WORCESTER,MA,,,438 West Boylston Street,,Greendale Fire Station
Massachusetts,,,WORCESTER,MA,,,141 Grove Street,,Grove Street Fire Station Headquarters
Massachusetts,,,WORCESTER,MA,,,80 McKeon Road,,McKeon Road Fire Station
Massachusetts,,,WORCESTER,MA,,,424 Park Avenue,,Park Avenue Fire Station
Massachusetts,,,WORCESTER,MA,,,180 Southbridge Street,,South Division Fire Station
Massachusetts,,,WORCESTER,MA,,,745 Grafton Street,,Southeast Fire Station
Massachusetts,,,WORCESTER,MA,,,1067 Pleasant Street,,Tatnuck Square Fire Station
Massachusetts,,,WORCESTER,MA,,,40 Webster Street,,Webster Square Fire Station
Massachusetts,160 Huntington Road,,WORTHINGTON,MA,townclerk@worthington-ma.us,(413) 238-5579,160 Huntington Rd,,Outside on Town Hall ramp
Massachusetts,79 South Street,,WRENTHAM,MA,townclerk@wrentham.ma.us,(508) 384-5434,79 South Street,,"Outside Town Hall, on right side of main entrance"
Massachusetts,1146 Route 28,,YARMOUTH,MA,clerks@yarmouth.ma.us,(508) 760-4842,1146 Routh 28,South Yarmouth,By accessible side entrance